"","Country.name","year","Life.Ladder","Log.GDP.per.capita","Social.support","Healthy.life.expectancy.at.birth","Freedom.to.make.life.choices","Generosity","Perceptions.of.corruption"
"1","Finland",2021,7.842,10.775,0.954,72,0.949,-0.098,0.186
"2","Denmark",2021,7.62,10.933,0.954,72.7,0.946,0.03,0.179
"3","Switzerland",2021,7.571,11.117,0.942,74.4,0.919,0.025,0.292
"4","Iceland",2021,7.554,10.878,0.983,73,0.955,0.16,0.673
"5","Netherlands",2021,7.464,10.932,0.942,72.4,0.913,0.175,0.338
"6","Norway",2021,7.392,11.053,0.954,73.3,0.96,0.093,0.27
"7","Sweden",2021,7.363,10.867,0.934,72.7,0.945,0.086,0.237
"8","Luxembourg",2021,7.324,11.647,0.908,72.6,0.907,-0.034,0.386
"9","New Zealand",2021,7.277,10.643,0.948,73.4,0.929,0.134,0.242
"10","Austria",2021,7.268,10.906,0.934,73.3,0.908,0.042,0.481
"11","Australia",2021,7.183,10.796,0.94,73.9,0.914,0.159,0.442
"12","Israel",2021,7.157,10.575,0.939,73.503,0.8,0.031,0.753
"13","Germany",2021,7.155,10.873,0.903,72.5,0.875,0.011,0.46
"14","Canada",2021,7.103,10.776,0.926,73.8,0.915,0.089,0.415
"15","Ireland",2021,7.085,11.342,0.947,72.4,0.879,0.077,0.363
"16","Costa Rica",2021,7.069,9.88,0.891,71.4,0.934,-0.126,0.809
"17","United Kingdom",2021,7.064,10.707,0.934,72.5,0.859,0.233,0.459
"18","Czech Republic",2021,6.965,10.556,0.947,70.807,0.858,-0.208,0.868
"19","United States",2021,6.951,11.023,0.92,68.2,0.837,0.098,0.698
"20","Belgium",2021,6.834,10.823,0.906,72.199,0.783,-0.153,0.646
"21","France",2021,6.69,10.704,0.942,74,0.822,-0.147,0.571
"22","Bahrain",2021,6.647,10.669,0.862,69.495,0.925,0.089,0.722
"23","Malta",2021,6.602,10.674,0.931,72.2,0.927,0.133,0.653
"24","Taiwan Province of China",2021,6.584,10.871,0.898,69.6,0.784,-0.07,0.721
"25","United Arab Emirates",2021,6.561,11.085,0.844,67.333,0.932,0.074,0.589
"26","Saudi Arabia",2021,6.494,10.743,0.891,66.603,0.877,-0.149,0.684
"27","Spain",2021,6.491,10.571,0.932,74.7,0.761,-0.081,0.745
"28","Italy",2021,6.483,10.623,0.88,73.8,0.693,-0.084,0.866
"29","Slovenia",2021,6.461,10.529,0.948,71.4,0.949,-0.101,0.806
"30","Guatemala",2021,6.435,9.053,0.813,64.958,0.906,-0.038,0.775
"31","Uruguay",2021,6.431,9.966,0.925,69.1,0.896,-0.092,0.59
"32","Singapore",2021,6.377,11.488,0.915,76.953,0.927,-0.018,0.082
"33","Kosovo",2021,6.372,9.318,0.821,63.813,0.869,0.257,0.917
"34","Slovakia",2021,6.331,10.369,0.936,69.201,0.766,-0.124,0.911
"35","Brazil",2021,6.33,9.577,0.882,66.601,0.804,-0.071,0.756
"36","Mexico",2021,6.317,9.859,0.831,68.597,0.862,-0.147,0.799
"37","Jamaica",2021,6.309,9.186,0.877,67.5,0.89,-0.137,0.884
"38","Lithuania",2021,6.255,10.499,0.935,67.906,0.773,-0.203,0.826
"39","Cyprus",2021,6.223,10.576,0.802,73.898,0.763,-0.015,0.844
"40","Estonia",2021,6.189,10.481,0.941,68.8,0.909,-0.106,0.527
"41","Panama",2021,6.18,10.35,0.896,69.652,0.872,-0.166,0.856
"42","Uzbekistan",2021,6.179,8.836,0.918,65.255,0.97,0.311,0.515
"43","Chile",2021,6.172,10.071,0.882,70,0.742,-0.044,0.83
"44","Poland",2021,6.166,10.382,0.898,69.702,0.841,-0.165,0.735
"45","Kazakhstan",2021,6.152,10.155,0.952,65.2,0.853,-0.069,0.733
"46","Romania",2021,6.14,10.284,0.832,67.355,0.845,-0.219,0.938
"47","Kuwait",2021,6.106,10.817,0.843,66.9,0.867,-0.104,0.736
"48","Serbia",2021,6.078,9.787,0.873,68.6,0.778,0.002,0.835
"49","El Salvador",2021,6.061,9.054,0.762,66.402,0.888,-0.11,0.688
"50","Mauritius",2021,6.049,10.008,0.905,66.701,0.867,-0.054,0.789
"51","Latvia",2021,6.032,10.315,0.927,67.1,0.715,-0.162,0.8
"52","Colombia",2021,6.012,9.557,0.847,68.001,0.837,-0.135,0.841
"53","Hungary",2021,5.992,10.358,0.943,68,0.755,-0.186,0.876
"54","Thailand",2021,5.985,9.805,0.888,67.401,0.884,0.287,0.895
"55","Nicaragua",2021,5.972,8.62,0.864,67.657,0.836,0.02,0.664
"56","Japan",2021,5.94,10.611,0.884,75.1,0.796,-0.258,0.638
"57","Argentina",2021,5.929,9.962,0.898,69,0.828,-0.182,0.834
"58","Portugal",2021,5.929,10.421,0.879,72.6,0.892,-0.244,0.887
"59","Honduras",2021,5.919,8.648,0.812,67.3,0.857,0.081,0.809
"60","Croatia",2021,5.882,10.217,0.924,70.799,0.754,-0.118,0.939
"61","Philippines",2021,5.88,9.076,0.83,62,0.917,-0.097,0.742
"62","South Korea",2021,5.845,10.651,0.799,73.9,0.672,-0.083,0.727
"63","Peru",2021,5.84,9.458,0.832,68.25,0.822,-0.154,0.891
"64","Bosnia and Herzegovina",2021,5.813,9.59,0.87,68.098,0.706,0.113,0.931
"65","Moldova",2021,5.766,9.454,0.857,65.699,0.822,-0.079,0.918
"66","Ecuador",2021,5.764,9.313,0.821,68.8,0.842,-0.124,0.843
"67","Kyrgyzstan",2021,5.744,8.538,0.893,64.401,0.935,0.119,0.908
"68","Greece",2021,5.723,10.279,0.823,72.6,0.582,-0.288,0.823
"69","Bolivia",2021,5.716,9.046,0.81,63.901,0.875,-0.077,0.839
"70","Mongolia",2021,5.677,9.4,0.935,62.5,0.708,0.116,0.856
"71","Paraguay",2021,5.653,9.448,0.893,65.9,0.876,0.028,0.882
"72","Montenegro",2021,5.581,9.94,0.858,68.699,0.708,-0.034,0.812
"73","Dominican Republic",2021,5.545,9.802,0.853,66.102,0.86,-0.133,0.714
"74","North Cyprus",2021,5.536,10.576,0.82,73.898,0.795,0.012,0.626
"75","Belarus",2021,5.534,9.853,0.91,66.253,0.65,-0.18,0.627
"76","Russia",2021,5.477,10.189,0.903,64.703,0.718,-0.111,0.845
"77","Hong Kong S.A.R. of China",2021,5.477,11,0.836,76.82,0.717,0.067,0.403
"78","Tajikistan",2021,5.466,8.091,0.86,64.281,0.832,-0.056,0.553
"79","Vietnam",2021,5.411,8.973,0.85,68.034,0.94,-0.098,0.796
"80","Libya",2021,5.41,9.622,0.827,62.3,0.771,-0.087,0.667
"81","Malaysia",2021,5.384,10.238,0.817,67.102,0.895,0.125,0.839
"82","Indonesia",2021,5.345,9.365,0.811,62.236,0.873,0.542,0.867
"83","Congo (Brazzaville)",2021,5.342,8.117,0.636,58.221,0.695,-0.068,0.745
"84","China",2021,5.339,9.673,0.811,69.593,0.904,-0.146,0.755
"85","Ivory Coast",2021,5.306,8.551,0.644,50.114,0.741,-0.016,0.794
"86","Armenia",2021,5.283,9.487,0.799,67.055,0.825,-0.168,0.629
"87","Nepal",2021,5.269,8.12,0.774,64.233,0.782,0.152,0.727
"88","Bulgaria",2021,5.266,10.016,0.931,67,0.788,-0.096,0.932
"89","Maldives",2021,5.198,9.826,0.913,70.6,0.854,0.024,0.825
"90","Azerbaijan",2021,5.171,9.569,0.836,65.656,0.814,-0.223,0.506
"91","Cameroon",2021,5.142,8.189,0.71,53.515,0.731,0.026,0.848
"92","Senegal",2021,5.132,8.118,0.71,59.802,0.695,-0.046,0.801
"93","Albania",2021,5.117,9.52,0.697,68.999,0.785,-0.03,0.901
"94","North Macedonia",2021,5.101,9.693,0.805,65.474,0.751,0.038,0.905
"95","Ghana",2021,5.088,8.58,0.727,57.586,0.807,0.123,0.848
"96","Niger",2021,5.074,7.098,0.641,53.78,0.806,0.018,0.693
"97","Turkmenistan",2021,5.066,9.629,0.983,62.409,0.877,0.273,0.888
"98","Gambia",2021,5.051,7.686,0.69,55.16,0.697,0.424,0.746
"99","Benin",2021,5.045,8.087,0.489,54.713,0.757,-0.034,0.661
"100","Laos",2021,5.03,8.947,0.728,58.968,0.91,0.123,0.658
"101","Bangladesh",2021,5.025,8.454,0.693,64.8,0.877,-0.041,0.682
"102","Guinea",2021,4.984,7.838,0.639,55.008,0.697,0.095,0.766
"103","South Africa",2021,4.956,9.403,0.86,56.904,0.749,-0.067,0.86
"104","Turkey",2021,4.948,10.24,0.822,67.199,0.576,-0.139,0.776
"105","Pakistan",2021,4.934,8.458,0.651,58.709,0.726,0.098,0.787
"106","Morocco",2021,4.918,8.903,0.56,66.208,0.774,-0.236,0.801
"107","Venezuela",2021,4.892,9.073,0.861,66.7,0.615,-0.169,0.827
"108","Georgia",2021,4.891,9.585,0.671,64.3,0.783,-0.238,0.655
"109","Algeria",2021,4.887,9.342,0.802,66.005,0.48,-0.067,0.752
"110","Ukraine",2021,4.875,9.436,0.888,64.902,0.724,-0.011,0.924
"111","Iraq",2021,4.854,9.24,0.746,60.583,0.63,-0.053,0.875
"112","Gabon",2021,4.852,9.603,0.776,59.962,0.731,-0.2,0.84
"113","Burkina Faso",2021,4.834,7.678,0.672,54.151,0.695,-0.009,0.748
"114","Cambodia",2021,4.83,8.36,0.765,62,0.959,0.034,0.843
"115","Mozambique",2021,4.794,7.158,0.744,54.706,0.882,0.061,0.684
"116","Nigeria",2021,4.759,8.533,0.74,50.102,0.737,0.037,0.878
"117","Mali",2021,4.723,7.744,0.724,51.969,0.697,-0.036,0.827
"118","Iran",2021,4.721,9.584,0.71,66.3,0.608,0.218,0.714
"119","Uganda",2021,4.636,7.677,0.781,56.101,0.709,0.122,0.855
"120","Liberia",2021,4.625,7.288,0.72,56.498,0.735,0.05,0.85
"121","Kenya",2021,4.607,8.361,0.688,60.704,0.779,0.287,0.825
"122","Tunisia",2021,4.596,9.266,0.691,67.201,0.656,-0.201,0.87
"123","Lebanon",2021,4.584,9.626,0.848,67.355,0.525,-0.073,0.898
"124","Namibia",2021,4.574,9.161,0.818,56.799,0.719,-0.149,0.847
"125","Palestinian Territories",2021,4.517,8.485,0.826,62.25,0.653,-0.163,0.821
"126","Myanmar",2021,4.426,8.541,0.779,59.302,0.876,0.509,0.66
"127","Jordan",2021,4.395,9.182,0.767,67,0.755,-0.167,0.705
"128","Chad",2021,4.355,7.364,0.619,48.478,0.579,0.041,0.807
"129","Sri Lanka",2021,4.325,9.47,0.827,67.299,0.841,0.079,0.863
"130","Swaziland",2021,4.308,9.065,0.77,50.833,0.647,-0.185,0.708
"131","Comoros",2021,4.289,8.031,0.626,57.349,0.548,0.082,0.781
"132","Egypt",2021,4.283,9.367,0.75,61.998,0.749,-0.182,0.795
"133","Ethiopia",2021,4.275,7.694,0.764,59,0.752,0.082,0.761
"134","Mauritania",2021,4.227,8.542,0.795,57.161,0.561,-0.106,0.731
"135","Madagascar",2021,4.208,7.396,0.686,59.305,0.552,-0.005,0.803
"136","Togo",2021,4.107,7.362,0.569,54.914,0.619,0.032,0.772
"137","Zambia",2021,4.073,8.145,0.708,55.809,0.782,0.061,0.823
"138","Sierra Leone",2021,3.849,7.434,0.63,51.651,0.717,0.084,0.866
"139","India",2021,3.819,8.755,0.603,60.633,0.893,0.089,0.774
"140","Burundi",2021,3.775,6.635,0.49,53.4,0.626,-0.024,0.607
"141","Yemen",2021,3.658,7.578,0.832,57.122,0.602,-0.147,0.8
"142","Tanzania",2021,3.623,7.876,0.702,57.999,0.833,0.183,0.577
"143","Haiti",2021,3.615,7.477,0.54,55.7,0.593,0.422,0.721
"144","Malawi",2021,3.6,6.958,0.537,57.948,0.78,0.038,0.729
"145","Lesotho",2021,3.512,7.926,0.787,48.7,0.715,-0.131,0.915
"146","Botswana",2021,3.467,9.782,0.784,59.269,0.824,-0.246,0.801
"147","Rwanda",2021,3.415,7.676,0.552,61.4,0.897,0.061,0.167
"148","Zimbabwe",2021,3.145,7.943,0.75,56.201,0.677,-0.047,0.821
"149","Afghanistan",2021,2.523,7.695,0.463,52.493,0.382,-0.102,0.924
"159","Afghanistan",2017,2.662,7.697,0.491,52.8,0.427,-0.121,0.954
"160","Afghanistan",2018,2.694,7.692,0.508,52.6,0.374,-0.094,0.928
"161","Afghanistan",2019,2.375,7.697,0.42,52.4,0.394,-0.108,0.924
"171","Albania",2017,4.64,9.476,0.638,68.4,0.75,-0.029,0.876
"172","Albania",2018,5.004,9.518,0.684,68.7,0.824,0.009,0.899
"173","Albania",2019,4.995,9.544,0.686,69,0.777,-0.099,0.914
"174","Albania",2020,5.365,9.497,0.71,69.3,0.754,0.007,0.891
"180","Algeria",2017,5.249,9.354,0.807,65.7,0.437,-0.167,0.7
"181","Algeria",2018,5.043,9.348,0.799,65.9,0.583,-0.146,0.759
"182","Algeria",2019,4.745,9.337,0.803,66.1,0.385,0.005,0.741
"198","Argentina",2017,6.039,10.067,0.907,68.6,0.832,-0.186,0.841
"199","Argentina",2018,5.793,10.032,0.9,68.8,0.846,-0.211,0.855
"200","Argentina",2019,6.086,10,0.896,69,0.817,-0.211,0.83
"201","Argentina",2020,5.901,9.85,0.897,69.2,0.823,-0.122,0.816
"213","Armenia",2017,4.288,9.402,0.698,66.6,0.614,-0.147,0.865
"214","Armenia",2018,5.062,9.451,0.814,66.9,0.808,-0.163,0.677
"215","Armenia",2019,5.488,9.522,0.782,67.2,0.844,-0.172,0.583
"226","Australia",2017,7.257,10.798,0.95,73.3,0.911,0.317,0.411
"227","Australia",2018,7.177,10.811,0.94,73.6,0.916,0.146,0.405
"228","Australia",2019,7.234,10.815,0.943,73.9,0.918,0.121,0.43
"229","Australia",2020,7.137,10.76,0.937,74.2,0.905,0.21,0.491
"239","Austria",2017,7.294,10.908,0.906,72.7,0.89,0.133,0.518
"240","Austria",2018,7.396,10.928,0.912,73,0.904,0.053,0.523
"241","Austria",2019,7.195,10.939,0.964,73.3,0.903,0.06,0.457
"242","Austria",2020,7.213,10.851,0.925,73.6,0.912,0.011,0.464
"254","Azerbaijan",2017,5.152,9.555,0.787,65.2,0.731,-0.225,0.653
"255","Azerbaijan",2018,5.168,9.562,0.781,65.5,0.772,-0.232,0.561
"256","Azerbaijan",2019,5.173,9.575,0.887,65.8,0.854,-0.214,0.457
"279","Bangladesh",2017,4.31,8.334,0.713,63.8,0.896,0.012,0.635
"280","Bangladesh",2018,4.499,8.399,0.706,64.3,0.901,-0.043,0.701
"281","Bangladesh",2019,5.114,8.467,0.673,64.8,0.902,-0.051,0.656
"282","Bangladesh",2020,5.28,8.472,0.739,65.3,0.777,-0.009,0.742
"294","Belarus",2017,5.553,9.814,0.9,65.8,0.621,-0.122,0.654
"295","Belarus",2018,5.234,9.846,0.905,66.1,0.644,-0.174,0.718
"296","Belarus",2019,5.821,9.86,0.917,66.4,0.657,-0.186,0.546
"307","Belgium",2017,6.928,10.834,0.922,71.8,0.857,0.054,0.543
"308","Belgium",2018,6.892,10.844,0.93,72,0.808,-0.125,0.63
"309","Belgium",2019,6.772,10.853,0.884,72.2,0.776,-0.172,0.672
"310","Belgium",2020,6.839,10.771,0.904,72.4,0.767,-0.164,0.634
"321","Benin",2017,4.853,8.021,0.436,53.9,0.727,-0.065,0.767
"322","Benin",2018,5.82,8.059,0.504,54.3,0.713,0.002,0.747
"323","Benin",2019,4.976,8.098,0.442,54.7,0.77,-0.016,0.698
"324","Benin",2020,4.408,8.102,0.507,55.1,0.783,-0.083,0.532
"339","Bolivia",2017,5.651,9.039,0.779,63.3,0.884,-0.12,0.819
"340","Bolivia",2018,5.916,9.066,0.827,63.6,0.863,-0.093,0.786
"341","Bolivia",2019,5.674,9.074,0.784,63.9,0.881,-0.086,0.857
"342","Bolivia",2020,5.559,8.998,0.805,64.2,0.877,-0.054,0.868
"352","Bosnia and Herzegovina",2017,5.09,9.532,0.775,67.5,0.564,0.092,0.923
"353","Bosnia and Herzegovina",2018,5.887,9.576,0.836,67.8,0.659,0.123,0.913
"354","Bosnia and Herzegovina",2019,6.016,9.609,0.873,68.1,0.722,0.079,0.963
"355","Bosnia and Herzegovina",2020,5.516,9.583,0.899,68.4,0.74,0.138,0.916
"365","Botswana",2017,3.505,9.756,0.768,58.2,0.817,-0.248,0.731
"366","Botswana",2018,3.461,9.778,0.795,58.9,0.818,-0.254,0.807
"367","Botswana",2019,3.471,9.785,0.774,59.6,0.833,-0.239,0.792
"379","Brazil",2017,6.333,9.583,0.905,66.2,0.765,-0.175,0.794
"380","Brazil",2018,6.191,9.589,0.882,66.4,0.751,-0.117,0.763
"381","Brazil",2019,6.451,9.592,0.899,66.6,0.83,-0.062,0.762
"382","Brazil",2020,6.11,9.522,0.831,66.8,0.786,-0.053,0.729
"391","Bulgaria",2017,5.097,9.969,0.942,66.6,0.689,-0.154,0.911
"392","Bulgaria",2018,5.099,10.007,0.924,66.8,0.724,-0.176,0.952
"393","Bulgaria",2019,5.108,10.047,0.948,67,0.822,-0.109,0.943
"394","Bulgaria",2020,5.598,9.991,0.916,67.2,0.818,-0.004,0.901
"405","Burkina Faso",2017,4.647,7.627,0.785,53.4,0.614,-0.063,0.727
"406","Burkina Faso",2018,4.927,7.665,0.665,53.9,0.721,-0.013,0.757
"407","Burkina Faso",2019,4.741,7.691,0.683,54.4,0.678,-0.004,0.729
"412","Burundi",2018,3.775,6.635,0.485,53.4,0.646,-0.024,0.599
"424","Cambodia",2017,4.586,8.276,0.765,61.2,0.964,0.088,0.821
"426","Cambodia",2019,4.998,8.387,0.759,62,0.957,0.013,0.828
"427","Cambodia",2020,4.377,8.362,0.724,62.4,0.963,0.052,0.863
"439","Cameroon",2017,5.074,8.176,0.695,51.9,0.767,-0.028,0.844
"440","Cameroon",2018,5.251,8.19,0.677,52.7,0.816,0.036,0.884
"441","Cameroon",2019,4.937,8.203,0.711,53.5,0.712,-0.008,0.817
"442","Cameroon",2020,5.241,8.175,0.72,54.3,0.675,0.049,0.837
"454","Canada",2017,7.415,10.792,0.934,73.4,0.945,0.163,0.362
"455","Canada",2018,7.175,10.798,0.923,73.6,0.946,0.106,0.372
"456","Canada",2019,7.109,10.8,0.925,73.8,0.912,0.112,0.436
"457","Canada",2020,7.025,10.73,0.931,74,0.887,0.05,0.434
"462","Central African Republic",2017,3.476,6.817,0.32,45.2,0.645,0.073,0.89
"474","Chad",2017,4.559,7.37,0.661,47.7,0.615,0.008,0.792
"475","Chad",2018,4.486,7.363,0.577,48.2,0.65,0.024,0.763
"476","Chad",2019,4.251,7.365,0.64,48.7,0.537,0.055,0.832
"488","Chile",2017,6.32,10.072,0.88,69.8,0.79,-0.02,0.836
"489","Chile",2018,6.436,10.097,0.89,69.9,0.789,-0.06,0.816
"490","Chile",2019,5.942,10.095,0.869,70,0.659,-0.103,0.86
"491","Chile",2020,6.151,10.02,0.888,70.1,0.781,0.033,0.812
"518","Colombia",2017,6.157,9.569,0.909,67.4,0.838,-0.157,0.875
"519","Colombia",2018,5.984,9.579,0.871,67.7,0.851,-0.148,0.855
"520","Colombia",2019,6.35,9.598,0.873,68,0.822,-0.172,0.854
"521","Colombia",2020,5.709,9.495,0.797,68.3,0.84,-0.085,0.808
"526","Comoros",2018,3.973,8.028,0.621,57.2,0.56,0.086,0.794
"527","Comoros",2019,4.609,8.033,0.632,57.5,0.538,0.077,0.762
"535","Congo (Brazzaville)",2017,4.884,8.146,0.655,57.3,0.778,-0.131,0.763
"536","Congo (Brazzaville)",2018,5.49,8.136,0.621,57.9,0.699,-0.092,0.738
"537","Congo (Brazzaville)",2019,5.213,8.101,0.625,58.5,0.686,-0.046,0.741
"545","Congo (Kinshasa)",2017,4.311,6.966,0.67,52.9,0.704,0.068,0.809
"557","Costa Rica",2017,7.225,9.858,0.922,71.1,0.936,-0.076,0.742
"558","Costa Rica",2018,7.141,9.874,0.876,71.3,0.942,-0.107,0.781
"559","Costa Rica",2019,6.998,9.885,0.906,71.5,0.927,-0.146,0.836
"569","Croatia",2017,5.343,10.189,0.77,69.6,0.716,-0.104,0.892
"570","Croatia",2018,5.536,10.224,0.91,70.2,0.691,-0.151,0.925
"571","Croatia",2019,5.626,10.258,0.936,70.8,0.739,-0.137,0.932
"572","Croatia",2020,6.508,10.166,0.923,71.4,0.837,-0.063,0.961
"583","Cyprus",2017,6.062,10.539,0.819,73.5,0.812,0.043,0.851
"584","Cyprus",2018,6.276,10.567,0.826,73.7,0.794,-0.022,0.848
"585","Cyprus",2019,6.137,10.585,0.776,73.9,0.74,-0.008,0.865
"596","Czech Republic",2017,6.79,10.558,0.901,69.8,0.832,-0.177,0.867
"597","Czech Republic",2018,7.034,10.583,0.929,70.3,0.79,-0.292,0.851
"598","Czech Republic",2020,6.897,10.53,0.964,71.3,0.906,-0.127,0.884
"610","Denmark",2017,7.594,10.916,0.952,72.1,0.955,0.155,0.181
"611","Denmark",2018,7.649,10.935,0.958,72.4,0.935,0.018,0.151
"612","Denmark",2019,7.693,10.954,0.958,72.7,0.963,0.02,0.174
"613","Denmark",2020,7.515,10.91,0.947,73,0.938,0.052,0.214
"629","Dominican Republic",2017,5.605,9.725,0.894,65.5,0.855,-0.121,0.76
"630","Dominican Republic",2018,5.433,9.782,0.862,65.8,0.867,-0.15,0.762
"631","Dominican Republic",2019,6.004,9.821,0.884,66.1,0.877,-0.123,0.746
"632","Dominican Republic",2020,5.168,9.802,0.806,66.4,0.835,-0.128,0.636
"644","Ecuador",2017,5.84,9.36,0.849,68.2,0.879,-0.167,0.734
"645","Ecuador",2018,6.128,9.355,0.851,68.5,0.869,-0.099,0.831
"646","Ecuador",2019,5.809,9.339,0.808,68.8,0.83,-0.115,0.839
"647","Ecuador",2020,5.354,9.244,0.804,69.1,0.829,-0.157,0.855
"674","El Salvador",2017,6.339,9.042,0.829,65.8,0.758,-0.172,0.778
"675","El Salvador",2018,6.241,9.061,0.82,66.1,0.863,-0.095,0.801
"676","El Salvador",2019,6.455,9.08,0.764,66.4,0.877,-0.109,0.682
"677","El Salvador",2020,5.462,9.019,0.696,66.7,0.924,-0.126,0.583
"688","Estonia",2017,5.938,10.429,0.936,68.4,0.862,-0.101,0.668
"689","Estonia",2018,6.091,10.472,0.933,68.6,0.886,-0.141,0.621
"690","Estonia",2019,6.035,10.511,0.934,68.8,0.887,-0.096,0.576
"691","Estonia",2020,6.453,10.459,0.958,69,0.954,-0.082,0.398
"697","Ethiopia",2017,4.18,7.612,0.734,58,0.717,0.001,0.757
"698","Ethiopia",2018,4.379,7.651,0.74,58.5,0.74,0.039,0.799
"699","Ethiopia",2019,4.1,7.705,0.748,59,0.754,0.053,0.732
"700","Ethiopia",2020,4.549,7.711,0.823,59.5,0.769,0.188,0.784
"710","Finland",2017,7.788,10.768,0.964,71.8,0.962,-0.002,0.192
"711","Finland",2018,7.858,10.783,0.962,71.9,0.938,-0.127,0.199
"712","Finland",2019,7.78,10.792,0.937,72,0.948,-0.052,0.195
"713","Finland",2020,7.889,10.75,0.962,72.1,0.962,-0.116,0.164
"725","France",2017,6.635,10.711,0.931,73.6,0.834,-0.123,0.601
"726","France",2018,6.666,10.727,0.921,73.8,0.816,-0.138,0.582
"727","France",2019,6.69,10.74,0.958,74,0.827,-0.133,0.568
"728","France",2020,6.714,10.643,0.947,74.2,0.823,-0.169,0.565
"735","Gabon",2017,4.782,9.616,0.807,59.2,0.652,-0.228,0.868
"736","Gabon",2018,4.783,9.599,0.785,59.7,0.719,-0.197,0.823
"737","Gabon",2019,4.914,9.607,0.763,60.2,0.736,-0.203,0.846
"738","Gambia",2017,4.118,7.637,0.697,54.7,0.812,0.111,0.572
"739","Gambia",2018,4.922,7.671,0.685,55,0.719,0.44,0.691
"740","Gambia",2019,5.164,7.699,0.694,55.3,0.677,0.41,0.798
"752","Georgia",2017,4.451,9.517,0.59,64.7,0.821,-0.244,0.59
"753","Georgia",2018,4.659,9.565,0.617,64.5,0.775,-0.233,0.755
"754","Georgia",2019,4.892,9.617,0.675,64.3,0.811,-0.26,0.647
"755","Georgia",2020,5.123,9.569,0.718,64.1,0.764,-0.221,0.583
"767","Germany",2017,7.074,10.878,0.892,71.9,0.841,0.145,0.414
"768","Germany",2018,7.118,10.89,0.92,72.2,0.877,0.034,0.496
"769","Germany",2019,7.035,10.893,0.886,72.5,0.885,0.057,0.462
"770","Germany",2020,7.312,10.833,0.905,72.8,0.864,-0.06,0.424
"782","Ghana",2017,5.481,8.517,0.669,56.8,0.783,0.079,0.839
"783","Ghana",2018,5.004,8.555,0.761,57.2,0.817,0.062,0.846
"784","Ghana",2019,4.967,8.596,0.746,57.6,0.787,0.116,0.857
"785","Ghana",2020,5.319,8.59,0.643,58,0.824,0.2,0.847
"796","Greece",2017,5.148,10.278,0.753,72.2,0.438,-0.29,0.872
"797","Greece",2018,5.409,10.299,0.794,72.4,0.564,-0.335,0.86
"798","Greece",2019,5.952,10.319,0.891,72.6,0.614,-0.289,0.848
"799","Greece",2020,5.788,10.215,0.779,72.8,0.565,-0.241,0.764
"811","Guatemala",2017,6.325,9.026,0.826,64.5,0.915,-0.059,0.8
"812","Guatemala",2018,6.627,9.042,0.841,64.8,0.91,-0.01,0.765
"813","Guatemala",2019,6.262,9.064,0.774,65.1,0.901,-0.062,0.773
"820","Guinea",2017,4.874,7.792,0.634,53.3,0.738,0.038,0.75
"821","Guinea",2018,5.252,7.823,0.63,54.4,0.731,0.092,0.778
"822","Guinea",2019,4.768,7.849,0.655,55.5,0.691,0.097,0.756
"833","Haiti",2017,3.824,7.475,0.647,55.5,0.484,0.381,0.647
"834","Haiti",2018,3.615,7.477,0.538,55.7,0.591,0.422,0.72
"846","Honduras",2017,6.02,8.624,0.843,67,0.898,0.072,0.783
"847","Honduras",2018,5.908,8.643,0.827,67.2,0.872,0.099,0.804
"848","Honduras",2019,5.93,8.653,0.797,67.4,0.846,0.063,0.815
"870","Hungary",2017,6.065,10.293,0.877,67.2,0.661,-0.139,0.886
"871","Hungary",2018,5.936,10.344,0.941,67.6,0.693,-0.243,0.911
"872","Hungary",2019,6,10.393,0.947,68,0.798,-0.195,0.884
"873","Hungary",2020,6.038,10.335,0.943,68.4,0.771,-0.12,0.836
"879","Iceland",2017,7.476,10.925,0.967,73,0.939,0.246,0.727
"881","Iceland",2020,7.575,10.824,0.983,73,0.949,0.16,0.644
"893","India",2017,4.046,8.73,0.607,59.7,0.886,-0.042,0.781
"894","India",2018,3.818,8.779,0.638,60.1,0.89,0.085,0.805
"895","India",2019,3.249,8.818,0.561,60.5,0.876,0.112,0.752
"896","India",2020,4.225,8.703,0.617,60.9,0.906,0.075,0.78
"908","Indonesia",2017,5.098,9.3,0.796,61.9,0.865,0.488,0.9
"909","Indonesia",2018,5.34,9.339,0.809,62.1,0.879,0.512,0.868
"910","Indonesia",2019,5.347,9.377,0.802,62.3,0.866,0.555,0.861
"920","Iran",2017,4.717,9.584,0.714,65.7,0.731,0.218,0.715
"933","Iraq",2017,4.462,9.303,0.695,59.6,0.628,0,0.757
"934","Iraq",2018,4.886,9.274,0.764,60.2,0.598,-0.068,0.887
"935","Iraq",2020,4.785,9.167,0.708,61.4,0.7,-0.021,0.849
"946","Ireland",2017,7.06,11.266,0.943,72.2,0.905,0.216,0.337
"947","Ireland",2018,6.962,11.332,0.938,72.3,0.861,0.144,0.362
"948","Ireland",2019,7.255,11.371,0.944,72.4,0.892,0.074,0.373
"949","Ireland",2020,7.035,11.323,0.96,72.5,0.882,0.014,0.356
"961","Israel",2017,7.331,10.57,0.916,73.1,0.768,0.145,0.793
"962","Israel",2018,6.927,10.585,0.91,73.3,0.725,0.055,0.77
"963","Israel",2019,7.332,10.601,0.946,73.5,0.834,0.085,0.743
"964","Israel",2020,7.195,10.538,0.959,73.7,0.831,-0.049,0.748
"976","Italy",2017,6.199,10.64,0.92,73.4,0.633,-0.035,0.867
"977","Italy",2018,6.517,10.65,0.913,73.6,0.65,-0.021,0.888
"978","Italy",2019,6.445,10.655,0.838,73.8,0.709,-0.082,0.866
"979","Italy",2020,6.488,10.563,0.89,74,0.718,-0.15,0.844
"985","Ivory Coast",2017,5.038,8.483,0.661,48.9,0.732,-0.111,0.771
"986","Ivory Coast",2018,5.268,8.523,0.621,49.5,0.713,-0.05,0.791
"987","Ivory Coast",2019,5.392,8.564,0.679,50.1,0.736,-0.017,0.799
"988","Ivory Coast",2020,5.257,8.565,0.613,50.7,0.77,0.016,0.777
"993","Jamaica",2017,5.89,9.169,0.913,67.1,0.861,-0.13,0.883
"994","Jamaica",2019,6.309,9.186,0.878,67.5,0.891,-0.137,0.885
"1006","Japan",2017,5.911,10.618,0.882,74.9,0.849,-0.206,0.659
"1007","Japan",2018,5.794,10.623,0.886,75,0.773,-0.261,0.687
"1008","Japan",2019,5.908,10.632,0.878,75.1,0.806,-0.255,0.617
"1009","Japan",2020,6.118,10.58,0.887,75.2,0.806,-0.259,0.609
"1036","Kazakhstan",2017,5.882,10.121,0.914,64,0.745,-0.035,0.755
"1037","Kazakhstan",2018,6.008,10.148,0.937,64.6,0.84,-0.098,0.824
"1038","Kazakhstan",2019,6.272,10.179,0.951,65.2,0.852,-0.055,0.708
"1039","Kazakhstan",2020,6.168,10.135,0.966,65.8,0.872,-0.056,0.661
"1051","Kenya",2017,4.476,8.306,0.715,59.5,0.853,0.234,0.854
"1052","Kenya",2018,4.656,8.344,0.707,60.1,0.821,0.291,0.844
"1053","Kenya",2019,4.619,8.373,0.676,60.7,0.818,0.31,0.794
"1054","Kenya",2020,4.547,8.365,0.674,61.3,0.702,0.26,0.837
"1091","Kyrgyzstan",2017,5.63,8.526,0.883,63.8,0.859,0.143,0.874
"1092","Kyrgyzstan",2018,5.297,8.543,0.898,64.1,0.945,0.267,0.907
"1093","Kyrgyzstan",2019,5.685,8.567,0.877,64.4,0.92,-0.002,0.885
"1094","Kyrgyzstan",2020,6.25,8.503,0.902,64.7,0.935,0.103,0.931
"1100","Laos",2017,4.623,8.89,0.707,58.3,0.891,0.073,0.592
"1101","Laos",2018,4.859,8.935,0.705,58.7,0.907,0.141,0.634
"1102","Laos",2019,5.197,8.965,0.729,59.1,0.906,0.061,0.62
"1103","Laos",2020,5.284,8.96,0.66,59.5,0.915,0.141,0.748
"1114","Latvia",2017,5.978,10.257,0.895,66.5,0.7,-0.154,0.798
"1115","Latvia",2018,5.901,10.307,0.913,66.8,0.608,-0.212,0.799
"1116","Latvia",2019,5.97,10.336,0.936,67.1,0.698,-0.194,0.789
"1117","Latvia",2020,6.229,10.3,0.928,67.4,0.82,-0.078,0.809
"1129","Lebanon",2017,5.154,9.681,0.777,66.6,0.605,-0.074,0.911
"1130","Lebanon",2018,5.167,9.656,0.829,67.1,0.607,-0.066,0.907
"1131","Lebanon",2019,4.024,9.597,0.866,67.6,0.447,-0.081,0.89
"1134","Lesotho",2017,3.795,7.931,0.769,47.3,0.757,-0.145,0.797
"1135","Lesotho",2019,3.512,7.926,0.79,48.7,0.716,-0.131,0.915
"1142","Liberia",2017,4.424,7.324,0.685,55.3,0.733,-0.012,0.867
"1143","Liberia",2018,4.135,7.311,0.727,56.1,0.766,0.05,0.868
"1144","Liberia",2019,5.121,7.264,0.712,56.9,0.706,0.051,0.828
"1148","Libya",2017,5.647,9.491,0.823,62.3,0.779,-0.019,0.673
"1149","Libya",2018,5.494,9.617,0.824,62.3,0.781,-0.101,0.646
"1150","Libya",2019,5.33,9.627,0.827,62.3,0.762,-0.073,0.686
"1162","Lithuania",2017,6.273,10.429,0.926,66.7,0.749,-0.174,0.79
"1163","Lithuania",2018,6.309,10.474,0.929,67.3,0.699,-0.237,0.852
"1164","Lithuania",2019,6.064,10.518,0.918,67.9,0.78,-0.251,0.783
"1165","Lithuania",2020,6.391,10.504,0.953,68.5,0.824,-0.122,0.829
"1174","Luxembourg",2017,7.061,11.634,0.905,72.6,0.903,0.044,0.33
"1175","Luxembourg",2018,7.243,11.645,0.902,72.6,0.884,-0.022,0.385
"1176","Luxembourg",2019,7.404,11.648,0.912,72.6,0.93,-0.045,0.39
"1185","Madagascar",2017,4.079,7.368,0.626,58.7,0.57,-0.033,0.847
"1186","Madagascar",2018,4.071,7.386,0.666,59.1,0.551,0.003,0.889
"1187","Madagascar",2019,4.339,7.406,0.701,59.5,0.55,-0.012,0.72
"1197","Malawi",2017,3.417,6.945,0.555,56.9,0.848,0.025,0.735
"1198","Malawi",2018,3.335,6.949,0.528,57.6,0.799,0.073,0.766
"1199","Malawi",2019,3.869,6.966,0.549,58.3,0.765,0.004,0.68
"1210","Malaysia",2018,5.339,10.223,0.789,67,0.875,0.127,0.894
"1211","Malaysia",2019,5.428,10.252,0.842,67.2,0.916,0.123,0.782
"1223","Mali",2017,4.742,7.718,0.741,51.2,0.753,-0.069,0.863
"1224","Mali",2018,4.416,7.733,0.692,51.7,0.737,-0.034,0.793
"1225","Mali",2019,4.988,7.752,0.755,52.2,0.67,-0.038,0.846
"1234","Malta",2017,6.676,10.635,0.937,72.2,0.924,0.253,0.69
"1235","Malta",2018,6.91,10.67,0.932,72.2,0.927,0.179,0.595
"1236","Malta",2019,6.733,10.677,0.922,72.2,0.924,0.087,0.689
"1248","Mauritania",2017,4.678,8.533,0.779,56.7,0.527,-0.153,0.777
"1249","Mauritania",2018,4.314,8.526,0.802,57,0.467,-0.112,0.711
"1250","Mauritania",2019,4.153,8.556,0.798,57.3,0.628,-0.102,0.743
"1254","Mauritius",2017,6.174,9.972,0.91,66.1,0.912,0.087,0.818
"1255","Mauritius",2018,5.882,10.008,0.909,66.4,0.867,-0.073,0.785
"1256","Mauritius",2019,6.241,10.043,0.913,66.7,0.893,-0.053,0.81
"1257","Mauritius",2020,6.015,9.972,0.893,67,0.843,-0.037,0.772
"1269","Mexico",2017,6.41,9.893,0.8,68,0.861,-0.202,0.801
"1270","Mexico",2018,6.55,9.903,0.858,68.3,0.816,-0.179,0.809
"1271","Mexico",2019,6.432,9.891,0.852,68.6,0.903,-0.141,0.809
"1272","Mexico",2020,5.964,9.782,0.779,68.9,0.873,-0.119,0.778
"1284","Moldova",2017,5.326,9.363,0.831,64.3,0.553,-0.053,0.926
"1285","Moldova",2018,5.682,9.423,0.892,65,0.824,-0.084,0.929
"1286","Moldova",2019,5.803,9.475,0.809,65.7,0.784,-0.092,0.884
"1287","Moldova",2020,5.812,9.462,0.874,66.4,0.859,-0.058,0.941
"1297","Mongolia",2017,5.334,9.334,0.924,62.1,0.675,0.119,0.865
"1298","Mongolia",2018,5.465,9.386,0.942,62.3,0.696,0.054,0.849
"1299","Mongolia",2019,5.563,9.418,0.946,62.5,0.711,0.149,0.873
"1300","Mongolia",2020,6.011,9.396,0.918,62.7,0.718,0.141,0.843
"1310","Montenegro",2017,5.615,9.885,0.881,68.3,0.626,-0.083,0.756
"1311","Montenegro",2018,5.65,9.934,0.856,68.5,0.626,-0.051,0.769
"1312","Montenegro",2019,5.386,9.97,0.832,68.7,0.694,-0.105,0.82
"1313","Montenegro",2020,5.722,9.913,0.887,68.9,0.802,0.06,0.845
"1320","Morocco",2017,5.312,8.898,0.641,65.6,0.814,-0.216,0.841
"1321","Morocco",2018,4.897,8.914,0.554,65.9,0.773,-0.234,0.843
"1322","Morocco",2019,5.057,8.925,0.535,66.2,0.757,-0.244,0.757
"1323","Morocco",2020,4.803,8.871,0.553,66.5,0.819,-0.229,0.803
"1329","Mozambique",2017,4.28,7.157,0.678,53.2,0.823,-0.03,0.682
"1330","Mozambique",2018,4.654,7.162,0.738,54.2,0.897,0.049,0.691
"1331","Mozambique",2019,4.932,7.155,0.742,55.2,0.87,0.073,0.682
"1337","Myanmar",2017,4.154,8.464,0.795,58.7,0.886,0.65,0.619
"1338","Myanmar",2018,4.411,8.523,0.774,59,0.906,0.49,0.647
"1339","Myanmar",2019,4.434,8.545,0.763,59.3,0.899,0.561,0.682
"1340","Myanmar",2020,4.431,8.554,0.796,59.6,0.825,0.47,0.647
"1343","Namibia",2017,4.441,9.215,0.828,56.2,0.81,-0.19,0.831
"1344","Namibia",2018,4.834,9.204,0.864,56.5,0.754,-0.169,0.846
"1345","Namibia",2019,4.436,9.173,0.845,56.8,0.739,-0.174,0.879
"1346","Namibia",2020,4.451,9.104,0.741,57.1,0.666,-0.104,0.81
"1358","Nepal",2017,4.737,8.039,0.816,62.4,0.845,0.134,0.77
"1359","Nepal",2018,4.91,8.087,0.768,63.5,0.77,0.122,0.742
"1360","Nepal",2019,5.449,8.136,0.772,64.6,0.79,0.167,0.712
"1371","Netherlands",2017,7.459,10.921,0.937,72.2,0.92,0.25,0.363
"1372","Netherlands",2018,7.463,10.941,0.939,72.3,0.92,0.161,0.371
"1373","Netherlands",2019,7.425,10.953,0.941,72.4,0.886,0.213,0.36
"1374","Netherlands",2020,7.504,10.901,0.944,72.5,0.935,0.151,0.281
"1385","New Zealand",2017,7.327,10.633,0.955,73,0.942,0.294,0.222
"1386","New Zealand",2018,7.37,10.66,0.954,73.2,0.949,0.12,0.207
"1387","New Zealand",2019,7.205,10.666,0.939,73.4,0.912,0.157,0.234
"1388","New Zealand",2020,7.257,10.6,0.952,73.6,0.918,0.125,0.283
"1400","Nicaragua",2017,6.476,8.7,0.838,67.2,0.922,0.01,0.673
"1401","Nicaragua",2018,5.819,8.647,0.854,67.5,0.797,0.009,0.713
"1402","Nicaragua",2019,6.113,8.595,0.874,67.8,0.883,0.029,0.622
"1414","Niger",2017,4.616,7.058,0.582,53,0.684,-0.03,0.778
"1415","Niger",2018,5.164,7.087,0.612,53.5,0.791,0.009,0.637
"1416","Niger",2019,5.004,7.106,0.677,54,0.831,0.026,0.729
"1426","Nigeria",2017,5.322,8.555,0.733,49.3,0.826,0.124,0.835
"1427","Nigeria",2018,5.252,8.548,0.741,49.7,0.79,-0.01,0.866
"1428","Nigeria",2019,4.356,8.544,0.734,50.1,0.729,0.032,0.873
"1429","Nigeria",2020,5.503,8.484,0.739,50.5,0.713,0.099,0.913
"1446","North Macedonia",2017,5.234,9.65,0.8,65.303,0.752,-0.059,0.856
"1447","North Macedonia",2018,5.24,9.677,0.849,65.389,0.745,-0.041,0.91
"1448","North Macedonia",2019,5.015,9.711,0.815,65.474,0.725,0.024,0.923
"1449","North Macedonia",2020,5.054,9.69,0.75,65.56,0.787,0.131,0.877
"1456","Norway",2017,7.579,11.05,0.95,73.1,0.953,0.236,0.25
"1457","Norway",2018,7.444,11.056,0.966,73.2,0.96,0.094,0.268
"1458","Norway",2019,7.442,11.061,0.942,73.3,0.954,0.111,0.271
"1459","Norway",2020,7.29,11.042,0.956,73.4,0.965,0.075,0.271
"1472","Pakistan",2017,5.831,8.428,0.69,58.1,0.713,0.045,0.714
"1473","Pakistan",2018,5.472,8.464,0.685,58.5,0.773,0.069,0.799
"1474","Pakistan",2019,4.443,8.453,0.617,58.9,0.685,0.124,0.776
"1500","Panama",2017,6.568,10.324,0.912,69.5,0.9,-0.17,0.841
"1501","Panama",2018,6.281,10.343,0.904,69.6,0.861,-0.131,0.837
"1502","Panama",2019,6.086,10.356,0.886,69.7,0.883,-0.199,0.869
"1514","Paraguay",2017,5.713,9.441,0.902,65.5,0.891,0.003,0.81
"1515","Paraguay",2019,5.653,9.448,0.892,65.9,0.876,0.028,0.882
"1527","Peru",2017,5.711,9.434,0.83,67.8,0.827,-0.154,0.895
"1528","Peru",2018,5.68,9.456,0.845,68.1,0.83,-0.178,0.906
"1529","Peru",2019,5.999,9.461,0.809,68.4,0.815,-0.13,0.874
"1541","Philippines",2017,5.594,9.002,0.851,61.8,0.926,-0.141,0.711
"1542","Philippines",2018,5.869,9.05,0.846,61.9,0.918,-0.108,0.726
"1543","Philippines",2019,6.268,9.095,0.845,62,0.91,-0.083,0.748
"1544","Philippines",2020,5.08,9.061,0.781,62.1,0.932,-0.116,0.744
"1555","Poland",2017,6.201,10.314,0.882,68.9,0.831,-0.122,0.639
"1556","Poland",2018,6.111,10.366,0.863,69.3,0.87,-0.254,0.72
"1557","Poland",2019,6.242,10.407,0.878,69.7,0.883,-0.231,0.696
"1558","Poland",2020,6.139,10.371,0.953,70.1,0.767,-0.007,0.787
"1568","Portugal",2017,5.711,10.407,0.9,72.2,0.905,-0.176,0.881
"1569","Portugal",2018,5.92,10.434,0.887,72.4,0.877,-0.261,0.88
"1570","Portugal",2019,6.095,10.457,0.876,72.6,0.882,-0.234,0.915
"1571","Portugal",2020,5.768,10.371,0.875,72.8,0.913,-0.238,0.867
"1587","Romania",2017,6.09,10.211,0.811,66.9,0.839,-0.16,0.926
"1588","Romania",2018,6.151,10.26,0.818,67.2,0.845,-0.217,0.921
"1589","Romania",2019,6.13,10.306,0.842,67.5,0.848,-0.221,0.954
"1601","Russia",2017,5.579,10.166,0.896,63.9,0.731,-0.145,0.862
"1602","Russia",2018,5.514,10.191,0.909,64.3,0.729,-0.147,0.865
"1603","Russia",2019,5.441,10.205,0.91,64.7,0.715,-0.116,0.848
"1604","Russia",2020,5.495,10.162,0.887,65.1,0.714,-0.071,0.823
"1614","Rwanda",2017,3.108,7.588,0.517,60.5,0.908,0.051,0.214
"1615","Rwanda",2018,3.561,7.644,0.616,61.1,0.924,0.057,0.164
"1616","Rwanda",2019,3.268,7.708,0.489,61.7,0.869,0.064,0.168
"1643","Senegal",2017,4.683,8.072,0.744,59.2,0.687,-0.044,0.825
"1644","Senegal",2018,4.769,8.106,0.739,59.6,0.629,-0.074,0.805
"1645","Senegal",2019,5.489,8.13,0.688,60,0.759,-0.019,0.796
"1655","Serbia",2017,5.122,9.713,0.884,67.8,0.685,-0.077,0.851
"1656","Serbia",2018,5.936,9.762,0.853,68.2,0.74,-0.1,0.864
"1657","Serbia",2019,6.241,9.808,0.903,68.6,0.753,-0.04,0.813
"1658","Serbia",2020,6.042,9.788,0.852,69,0.843,0.149,0.824
"1668","Sierra Leone",2017,4.09,7.404,0.652,49.2,0.711,0.079,0.848
"1669","Sierra Leone",2018,4.306,7.417,0.65,50.8,0.716,0.095,0.856
"1670","Sierra Leone",2019,3.447,7.449,0.611,52.4,0.718,0.074,0.874
"1681","Singapore",2017,6.378,11.461,0.897,76.5,0.926,0.136,0.162
"1682","Singapore",2018,6.375,11.49,0.903,76.8,0.916,-0.066,0.097
"1683","Singapore",2019,6.378,11.486,0.925,77.1,0.938,0.027,0.07
"1692","Slovakia",2017,6.366,10.339,0.913,68.6,0.714,-0.055,0.92
"1693","Slovakia",2018,6.235,10.376,0.922,68.9,0.758,-0.167,0.91
"1694","Slovakia",2019,6.243,10.398,0.933,69.2,0.771,-0.129,0.926
"1695","Slovakia",2020,6.519,10.332,0.954,69.5,0.762,-0.075,0.901
"1705","Slovenia",2017,6.167,10.509,0.928,70.8,0.921,-0.025,0.829
"1706","Slovenia",2018,6.249,10.546,0.941,71.1,0.942,-0.119,0.839
"1707","Slovenia",2019,6.665,10.563,0.949,71.4,0.945,-0.102,0.785
"1708","Slovenia",2020,6.462,10.478,0.953,71.7,0.958,-0.081,0.797
"1727","South Africa",2017,4.514,9.45,0.87,56.1,0.787,-0.129,0.865
"1728","South Africa",2018,4.884,9.444,0.841,56.5,0.753,-0.05,0.841
"1729","South Africa",2019,5.035,9.432,0.848,56.9,0.738,-0.134,0.82
"1730","South Africa",2020,4.947,9.332,0.891,57.3,0.757,-0.015,0.912
"1742","South Korea",2017,5.874,10.621,0.807,73.3,0.538,0.014,0.851
"1743","South Korea",2018,5.84,10.643,0.798,73.6,0.6,-0.089,0.797
"1744","South Korea",2019,5.903,10.661,0.783,73.9,0.706,-0.055,0.718
"1745","South Korea",2020,5.793,10.648,0.808,74.2,0.711,-0.106,0.665
"1761","Spain",2017,6.23,10.586,0.903,74.1,0.756,-0.032,0.791
"1762","Spain",2018,6.513,10.605,0.91,74.4,0.722,-0.075,0.777
"1763","Spain",2019,6.457,10.618,0.949,74.7,0.778,-0.049,0.73
"1764","Spain",2020,6.502,10.488,0.935,75,0.783,-0.121,0.73
"1775","Sri Lanka",2017,4.331,9.44,0.823,67,0.827,0.094,0.844
"1776","Sri Lanka",2018,4.435,9.462,0.833,67.2,0.859,0.106,0.856
"1777","Sri Lanka",2019,4.213,9.479,0.815,67.4,0.824,0.051,0.863
"1785","Swaziland",2018,4.212,9.06,0.779,50.353,0.71,-0.178,0.692
"1786","Swaziland",2019,4.396,9.07,0.759,51.27,0.597,-0.191,0.724
"1798","Sweden",2017,7.287,10.873,0.914,72.5,0.935,0.17,0.239
"1799","Sweden",2018,7.375,10.881,0.931,72.6,0.942,0.077,0.263
"1800","Sweden",2019,7.398,10.882,0.934,72.7,0.942,0.091,0.25
"1801","Sweden",2020,7.314,10.838,0.936,72.8,0.951,0.091,0.203
"1808","Switzerland",2017,7.474,11.115,0.95,73.8,0.925,0.18,0.316
"1809","Switzerland",2018,7.509,11.134,0.93,74.1,0.926,0.101,0.301
"1810","Switzerland",2019,7.694,11.136,0.949,74.4,0.913,0.036,0.294
"1811","Switzerland",2020,7.508,11.081,0.946,74.7,0.917,-0.064,0.28
"1843","Tajikistan",2017,5.829,8.036,0.663,63.8,0.832,0.124,0.718
"1858","Tanzania",2017,3.347,7.836,0.705,57,0.8,0.116,0.654
"1859","Tanzania",2018,3.445,7.859,0.675,57.5,0.807,0.153,0.612
"1860","Tanzania",2019,3.64,7.886,0.687,58,0.85,0.1,0.589
"1861","Tanzania",2020,3.786,7.881,0.74,58.5,0.83,0.295,0.521
"1873","Thailand",2017,5.939,9.765,0.877,67,0.923,0.212,0.884
"1874","Thailand",2018,6.012,9.803,0.873,67.2,0.905,0.259,0.907
"1875","Thailand",2019,6.022,9.824,0.903,67.4,0.898,0.309,0.877
"1876","Thailand",2020,5.885,9.769,0.867,67.6,0.84,0.273,0.918
"1883","Togo",2017,4.361,7.324,0.508,54.3,0.717,-0.042,0.726
"1884","Togo",2018,4.023,7.348,0.596,54.7,0.612,-0.007,0.809
"1885","Togo",2019,4.179,7.375,0.539,55.1,0.617,0.065,0.737
"1890","Trinidad and Tobago",2017,6.192,10.183,0.916,63.5,0.859,0.015,0.911
"1899","Tunisia",2017,4.124,9.269,0.717,66.6,0.478,-0.219,0.869
"1900","Tunisia",2018,4.741,9.284,0.733,66.9,0.65,-0.191,0.84
"1901","Tunisia",2019,4.315,9.283,0.61,67.2,0.659,-0.209,0.889
"1902","Tunisia",2020,4.731,9.231,0.719,67.5,0.668,-0.202,0.877
"1914","Turkey",2017,5.607,10.238,0.876,66.4,0.644,-0.237,0.671
"1915","Turkey",2018,5.186,10.251,0.847,66.8,0.529,-0.176,0.805
"1916","Turkey",2019,4.872,10.246,0.792,67.2,0.631,-0.136,0.76
"1917","Turkey",2020,4.862,10.219,0.857,67.6,0.51,-0.111,0.774
"1939","Uganda",2017,4.001,7.638,0.74,55.3,0.772,0.06,0.816
"1940","Uganda",2018,4.322,7.66,0.74,55.7,0.729,0.079,0.856
"1941","Uganda",2019,4.948,7.688,0.805,56.1,0.704,0.139,0.826
"1942","Uganda",2020,4.641,7.684,0.8,56.5,0.687,0.147,0.878
"1954","Ukraine",2017,4.311,9.382,0.858,64.3,0.599,-0.002,0.937
"1955","Ukraine",2018,4.662,9.42,0.901,64.6,0.663,-0.074,0.943
"1956","Ukraine",2019,4.702,9.458,0.883,64.9,0.715,-0.081,0.885
"1957","Ukraine",2020,5.27,9.428,0.885,65.2,0.784,0.126,0.946
"1982","United Kingdom",2017,7.103,10.736,0.937,72.1,0.813,0.291,0.419
"1983","United Kingdom",2018,7.233,10.743,0.928,72.3,0.838,0.226,0.404
"1984","United Kingdom",2019,7.157,10.751,0.943,72.5,0.854,0.271,0.485
"1985","United Kingdom",2020,6.798,10.626,0.929,72.7,0.885,0.203,0.49
"1997","United States",2017,6.992,11.001,0.921,68.4,0.868,0.197,0.681
"1998","United States",2018,6.883,11.025,0.904,68.3,0.825,0.116,0.71
"1999","United States",2019,6.944,11.043,0.917,68.2,0.836,0.144,0.707
"2000","United States",2020,7.028,11.001,0.937,68.1,0.85,0.034,0.678
"2012","Uruguay",2017,6.336,9.968,0.914,68.9,0.898,-0.091,0.627
"2013","Uruguay",2018,6.372,9.98,0.917,69,0.876,-0.097,0.683
"2014","Uruguay",2019,6.6,9.979,0.933,69.1,0.903,-0.095,0.599
"2015","Uruguay",2020,6.31,9.937,0.921,69.2,0.908,-0.084,0.491
"2026","Uzbekistan",2017,6.421,8.782,0.942,64.8,0.985,0.123,0.465
"2027","Uzbekistan",2018,6.205,8.818,0.921,65.1,0.97,0.318,0.52
"2028","Uzbekistan",2019,6.154,8.853,0.915,65.4,0.97,0.304,0.511
"2040","Venezuela",2017,5.071,9.073,0.896,66.3,0.636,-0.169,0.844
"2056","Vietnam",2018,5.296,8.934,0.832,67.9,0.909,-0.041,0.808
"2057","Vietnam",2019,5.467,8.992,0.848,68.1,0.952,-0.126,0.788
"2080","Zambia",2017,3.933,8.156,0.744,54.8,0.823,0.14,0.74
"2081","Zambia",2018,4.041,8.167,0.718,55.3,0.791,0.048,0.811
"2082","Zambia",2019,3.307,8.155,0.638,55.8,0.811,0.077,0.832
"2083","Zambia",2020,4.838,8.117,0.767,56.3,0.75,0.056,0.81
"2095","Zimbabwe",2017,3.638,8.016,0.754,55,0.753,-0.098,0.751
"2096","Zimbabwe",2018,3.616,8.049,0.775,55.6,0.763,-0.068,0.844
"2097","Zimbabwe",2019,2.694,7.95,0.759,56.2,0.632,-0.064,0.831
"2098","Zimbabwe",2020,3.16,7.829,0.717,56.8,0.643,-0.009,0.789
